model,forecast,se,forecast.date,date,observed
naive,5.7,0.19177058242638034,2015-01-01,2015-02-01,5.5
auto.arima,5.653459501996249,0.17960985189297796,2015-01-01,2015-02-01,5.5
ets,5.653691059097471,0.179094998930423,2015-01-01,2015-02-01,5.5
naive,5.5,0.19178205001168613,2015-02-01,2015-03-01,5.4
auto.arima,5.474781974153568,0.17957623966713884,2015-02-01,2015-03-01,5.4
ets,5.4778201375172015,0.17901022148142018,2015-02-01,2015-03-01,5.4
naive,5.4,0.19168690411660674,2015-03-01,2015-04-01,5.4
auto.arima,5.349774292240768,0.1794745870743809,2015-03-01,2015-04-01,5.4
ets,5.3517395100453715,0.17891071607554268,2015-03-01,2015-04-01,5.4
naive,5.4,0.19155646047841998,2015-04-01,2015-05-01,5.6
auto.arima,5.349124690712812,0.17936161160977226,2015-04-01,2015-05-01,5.6
ets,5.34988705661385,0.17879720637871882,2015-04-01,2015-05-01,5.6
naive,5.6,0.19156818515927262,2015-05-01,2015-06-01,5.3
auto.arima,5.58083429436871,0.17947875216879217,2015-05-01,2015-06-01,5.3
ets,5.580332010017683,0.17891380922139555,2015-05-01,2015-06-01,5.3
naive,5.3,0.19175685644735802,2015-06-01,2015-07-01,5.2
auto.arima,5.3079885750918505,0.17965433623562155,2015-06-01,2015-07-01,5.2
ets,5.311712265122711,0.17909036917354373,2015-06-01,2015-07-01,5.2
naive,5.2,0.19166224809328866,2015-07-01,2015-08-01,5.1
auto.arima,5.155000812293778,0.17957608903210626,2015-07-01,2015-08-01,5.1
ets,5.15656343212258,0.17901549359391475,2015-07-01,2015-08-01,5.1
naive,5.1,0.19156784924938555,2015-08-01,2015-09-01,5
auto.arima,5.041920142900677,0.17946544677379897,2015-08-01,2015-09-01,5
ets,5.042760914608632,0.1789058286232859,2015-08-01,2015-09-01,5
naive,5,0.191473659186224,2015-09-01,2015-10-01,5
auto.arima,4.940191893886228,0.17935022760851338,2015-09-01,2015-10-01,5
ets,4.941301342295781,0.17879117101328165,2015-09-01,2015-10-01,5
naive,5,0.1913444160670855,2015-10-01,2015-11-01,5.1
auto.arima,4.946874244937743,0.17924228380546622,2015-10-01,2015-11-01,5.1
ets,4.9476759110036825,0.1786829063732882,2015-10-01,2015-11-01,5.1
naive,5.1,0.19125067165112958,2015-11-01,2015-12-01,5
auto.arima,5.07435657260545,0.17920966451028977,2015-11-01,2015-12-01,5
ets,5.074865941081863,0.1786497064245373,2015-11-01,2015-12-01,5
naive,5,0.1911571337881893,2015-12-01,2016-01-01,4.8
auto.arima,4.998653664920022,0.17910926479310335,2015-12-01,2016-01-01,4.8
ets,5.00103669291421,0.17855001092628453,2015-12-01,2016-01-01,4.8
naive,4.8,0.19116929388563186,2016-01-01,2016-02-01,4.9
auto.arima,4.775189798944789,0.17913683362028696,2016-01-01,2016-02-01,4.9
ets,4.777800258076296,0.17858222883123961,2016-01-01,2016-02-01,4.9
naive,4.9,0.19107607677073005,2016-02-01,2016-03-01,5
auto.arima,4.854928153793471,0.17907460488638927,2016-02-01,2016-03-01,5
ets,4.854476491652006,0.1785177805186188,2016-02-01,2016-03-01,5
naive,5,0.19098306425204065,2016-03-01,2016-04-01,5.1
auto.arima,4.990757284361929,0.1790332719142063,2016-03-01,2016-04-01,5.1
ets,4.990448911561294,0.17847731846100812,2016-03-01,2016-04-01,5.1
naive,5.1,0.19089025562375328,2016-04-01,2016-05-01,4.8
auto.arima,5.121809920199462,0.1789577428907033,2016-04-01,2016-05-01,4.8
ets,5.122182904855926,0.17840236422042596,2016-04-01,2016-05-01,4.8
naive,4.8,0.19107772027938172,2016-05-01,2016-06-01,4.9
auto.arima,4.8167947337231025,0.17922534604445842,2016-05-01,2016-06-01,4.9
ets,4.820043102191998,0.1786725616156639,2016-05-01,2016-06-01,4.9
naive,4.9,0.19098507899973236,2016-06-01,2016-07-01,4.8
auto.arima,4.867739420222905,0.1791308615346576,2016-06-01,2016-07-01,4.8
ets,4.866844125540213,0.17857646531033733,2016-06-01,2016-07-01,4.8
naive,4.8,0.19089263998384004,2016-07-01,2016-08-01,4.9
auto.arima,4.782444859712832,0.1790280252839183,2016-07-01,2016-08-01,4.9
ets,4.7828240156658515,0.17847350452342928,2016-07-01,2016-08-01,4.9
naive,4.9,0.1908004025376305,2016-08-01,2016-09-01,5
auto.arima,4.881066518057474,0.178959985001819,2016-08-01,2016-09-01,5
ets,4.8803291669079245,0.1784055185872506,2016-08-01,2016-09-01,5
naive,5,0.19070836597030547,2016-09-01,2016-10-01,4.9
auto.arima,5.009704012474377,0.17889330919406607,2016-09-01,2016-10-01,4.9
ets,5.00940026857296,0.17833983160434916,2016-09-01,2016-10-01,4.9
naive,4.9,0.19061652959431838,2016-10-01,2016-11-01,4.7
auto.arima,4.920908887181805,0.17881882836869817,2016-10-01,2016-11-01,4.7
ets,4.922350326836505,0.17826550437851213,2016-10-01,2016-11-01,4.7
naive,4.7,0.19062928040156674,2016-11-01,2016-12-01,4.7
auto.arima,4.687402844195143,0.17888139115239682,2016-11-01,2016-12-01,4.7
ets,4.689065046062236,0.1783313615820389,2016-11-01,2016-12-01,4.7
naive,4.7,0.1905029940144691,2016-12-01,2017-01-01,4.7
auto.arima,4.655260757809525,0.17876300098290482,2016-12-01,2017-01-01,4.7
ets,4.6547199879372725,0.1782130574303771,2016-12-01,2017-01-01,4.7
naive,4.7,0.19037695827853282,2017-01-01,2017-02-01,4.6
auto.arima,4.667143171538859,0.1786517376763201,2017-01-01,2017-02-01,4.6
ets,4.666835229878605,0.17810219648137818,2017-01-01,2017-02-01,4.6
naive,4.6,0.1902858865658617,2017-02-01,2017-03-01,4.4
auto.arima,4.57578606855147,0.17854988700341587,2017-02-01,2017-03-01,4.4
ets,4.57691874272107,0.17800054368134582,2017-02-01,2017-03-01,4.4
naive,4.4,0.1902990286801869,2017-03-01,2017-04-01,4.5
auto.arima,4.359097311031671,0.1785460873629209,2017-03-01,2017-04-01,4.5
ets,4.3611924862342555,0.17799911206473706,2017-03-01,2017-04-01,4.5
naive,4.5,0.19020826253269024,2017-04-01,2017-05-01,4.4
auto.arima,4.445868305870168,0.17850154074343316,2017-04-01,2017-05-01,4.4
ets,4.445541348165053,0.17795285985837722,2017-04-01,2017-05-01,4.4
naive,4.4,0.1901176920807353,2017-05-01,2017-06-01,4.3
auto.arima,4.374519083233114,0.17839130258341798,2017-05-01,2017-06-01,4.3
ets,4.37609496752086,0.17784272269067847,2017-05-01,2017-06-01,4.3
naive,4.3,0.1900273166613934,2017-06-01,2017-07-01,4.3
auto.arima,4.267225207418862,0.17829405901306253,2017-06-01,2017-07-01,4.3
ets,4.269071012117168,0.17774671713599297,2017-06-01,2017-07-01,4.3
naive,4.3,0.18990258588545939,2017-07-01,2017-08-01,4.4
auto.arima,4.2625376991102595,0.1781805623366578,2017-07-01,2017-08-01,4.4
ets,4.263378906566809,0.17763299586990003,2017-07-01,2017-08-01,4.4
naive,4.4,0.18981262748239186,2017-08-01,2017-09-01,4.2
auto.arima,4.38155585059131,0.17813321263245344,2017-08-01,2017-09-01,4.2
ets,4.381649051554703,0.17758516829260182,2017-08-01,2017-09-01,4.2
naive,4.2,0.18982631907512862,2017-09-01,2017-10-01,4.1
auto.arima,4.1964956853751225,0.17813745380542884,2017-09-01,2017-10-01,4.1
ets,4.199108405476363,0.1775904246669967,2017-09-01,2017-10-01,4.1
naive,4.1,0.18973665961010272,2017-10-01,2017-11-01,4.2
auto.arima,4.062744308113669,0.17805477688018875,2017-10-01,2017-11-01,4.2
ets,4.064125521487543,0.17750999084265903,2017-10-01,2017-11-01,4.2
naive,4.2,0.18964719202048136,2017-11-01,2017-12-01,4.1
auto.arima,4.16099163065168,0.17800746006177384,2017-11-01,2017-12-01,4.1
ets,4.160301552274465,0.17746170814964493,2017-11-01,2017-12-01,4.1
naive,4.1,0.18955791566123145,2017-12-01,2018-01-01,4
auto.arima,4.0859059350777285,0.17790451659402182,2017-12-01,2018-01-01,4
ets,4.087268265692597,0.17735884283824624,2017-12-01,2018-01-01,4
naive,4,0.1894688298903016,2018-01-01,2018-02-01,4.1
auto.arima,3.973793504251398,0.1778152744702151,2018-01-01,2018-02-01,4.1
ets,3.975374630006918,0.17727084802355375,2018-01-01,2018-02-01,4.1
naive,4.1,0.1893799340686027,2018-02-01,2018-03-01,4
auto.arima,4.071133718404884,0.17775770720826556,2018-02-01,2018-03-01,4
ets,4.07088139079069,0.17721220522569558,2018-02-01,2018-03-01,4
naive,4,0.1892912275599925,2018-03-01,2018-04-01,4
auto.arima,3.992227726863829,0.17766027590601516,2018-03-01,2018-04-01,4
ets,3.993670882828836,0.17711499840792108,2018-03-01,2018-04-01,4
naive,4,0.18916843077278395,2018-04-01,2018-05-01,3.8
auto.arima,3.9825053672591504,0.17754479716020055,2018-04-01,2018-05-01,3.8
ets,3.9831853718617243,0.17699964318186526,2018-04-01,2018-05-01,3.8
naive,3.8,0.18918286243847382,2018-05-01,2018-06-01,4
auto.arima,3.776858060688088,0.1775512448152497,2018-05-01,2018-06-01,4
ets,3.778811403474689,0.17700782600803613,2018-05-01,2018-06-01,4
naive,4,0.18919725566823964,2018-06-01,2018-07-01,3.8
auto.arima,3.9628838539011064,0.17761784871587954,2018-06-01,2018-07-01,3.8
ets,3.961547378578747,0.177072138032504,2018-06-01,2018-07-01,3.8
naive,3.8,0.18921161061555214,2018-07-01,2018-08-01,3.8
auto.arima,3.7967838292355536,0.1775990930827115,2018-07-01,2018-08-01,3.8
ets,3.798891894884332,0.17705262193476945,2018-07-01,2018-08-01,3.8
naive,3.8,0.18908949920521068,2018-08-01,2018-09-01,3.7
auto.arima,3.7709400966585767,0.1774840683088335,2018-08-01,2018-09-01,3.7
ets,3.771584126659948,0.17693776906217276,2018-08-01,2018-09-01,3.7
naive,3.7,0.18900171820524814,2018-09-01,2018-10-01,3.8
auto.arima,3.6726300807877528,0.17738753066557758,2018-09-01,2018-10-01,3.8
ets,3.673757563658372,0.17684189951770474,2018-09-01,2018-10-01,3.8
naive,3.8,0.1889141225227635,2018-10-01,2018-11-01,3.8
auto.arima,3.7718684289329105,0.17733207300178092,2018-10-01,2018-11-01,3.8
ets,3.771504144605154,0.17678578807560383,2018-10-01,2018-11-01,3.8
naive,3.8,0.1887926733796914,2018-11-01,2018-12-01,3.9
auto.arima,3.798678909439596,0.1772205316786322,2018-11-01,2018-12-01,3.9
ets,3.799375722504241,0.1766745092510209,2018-11-01,2018-12-01,3.9
naive,3.9,0.18870547447692398,2018-12-01,2019-01-01,4
auto.arima,3.908588103600955,0.17714366200296064,2018-12-01,2019-01-01,4
ets,3.9086991547427146,0.17659745947537395,2018-12-01,2019-01-01,4
naive,4,0.1886184590036803,2019-01-01,2019-02-01,3.8
auto.arima,4.0283739092909006,0.17705997877329988,2019-01-01,2019-02-01,3.8
ets,4.0282766778175905,0.17651406106810968,2019-01-01,2019-02-01,3.8
naive,3.8,0.18863347112232454,2019-02-01,2019-03-01,3.8
auto.arima,3.827174759047451,0.1771354376826585,2019-02-01,2019-03-01,3.8
ets,3.829111797825627,0.176590298468274,2019-02-01,2019-03-01,3.8
naive,3.8,0.18851282290331617,2019-03-01,2019-04-01,3.7
auto.arima,3.7841644898493936,0.17702440394508212,2019-03-01,2019-04-01,3.7
ets,3.783740897963568,0.1764798153698256,2019-03-01,2019-04-01,3.7
naive,3.7,0.18842629855524046,2019-04-01,2019-05-01,3.7
auto.arima,3.6780942739233033,0.1769365364647973,2019-04-01,2019-05-01,3.7
ets,3.6780908708373685,0.17639201195336215,2019-04-01,2019-05-01,3.7
naive,3.7,0.18830609037805807,2019-05-01,2019-06-01,3.6
auto.arima,3.669084132639551,0.1768249700054959,2019-05-01,2019-06-01,3.6
ets,3.6686458268587803,0.176280654411114,2019-05-01,2019-06-01,3.6
naive,3.6,0.18821995535106437,2019-06-01,2019-07-01,3.6
auto.arima,3.5742279977412865,0.17672907335817747,2019-06-01,2019-07-01,3.6
ets,3.57503307026669,0.17618488062413928,2019-06-01,2019-07-01,3.6
naive,3.6,0.18810018444784404,2019-07-01,2019-08-01,3.7
auto.arima,3.5684729679002976,0.17661860175264849,2019-07-01,2019-08-01,3.7
ets,3.5688344356685207,0.17607445844189248,2019-07-01,2019-08-01,3.7
naive,3.7,0.18801443617016814,2019-08-01,2019-09-01,3.5
auto.arima,3.6844480108193953,0.17656851325751113,2019-08-01,2019-09-01,3.5
ets,3.6842672283314606,0.1760243937713451,2019-08-01,2019-09-01,3.5
naive,3.5,0.18803013042924419,2019-09-01,2019-10-01,3.6
auto.arima,3.499326879080205,0.17657851753672943,2019-09-01,2019-10-01,3.6
ets,3.5017206598698545,0.17603500491953272,2019-09-01,2019-10-01,3.6
naive,3.6,0.18794465652513193,2019-10-01,2019-11-01,3.6
auto.arima,3.5741538999347227,0.1765026170223853,2019-10-01,2019-11-01,3.6
ets,3.5739396939319072,0.17595778050156485,2019-10-01,2019-11-01,3.6
naive,3.6,0.18782566654389427,2019-11-01,2019-12-01,3.6
auto.arima,3.59615790619759,0.17639286562013942,2019-11-01,2019-12-01,3.6
ets,3.5964997693909044,0.17584824186536985,2019-11-01,2019-12-01,3.6
naive,3.6,0.18770690227875125,2019-12-01,2020-01-01,3.5
auto.arima,3.6012180084159393,0.17628095930824964,2019-12-01,2020-01-01,3.5
ets,3.6017179403075144,0.17573667839216597,2019-12-01,2020-01-01,3.5
ols,5.656416565306388,0.01631268998417687,2015-01-01,2015-02-01,5.5
elastic,5.70852543242766,NA,2015-01-01,2015-02-01,5.5
RF,5.606573333333313,NA,2015-01-01,2015-02-01,5.5
ols,5.830979268621628,0.02033376842301243,2015-02-01,2015-03-01,5.4
elastic,5.789285178843003,NA,2015-02-01,2015-03-01,5.4
RF,5.7760033333333425,NA,2015-02-01,2015-03-01,5.4
ols,5.65809422312078,0.015543286058028521,2015-03-01,2015-04-01,5.4
elastic,5.676068320714644,NA,2015-03-01,2015-04-01,5.4
RF,5.838413333333343,NA,2015-03-01,2015-04-01,5.4
ols,5.555981984363809,0.01436941052465714,2015-04-01,2015-05-01,5.6
elastic,5.640161654554776,NA,2015-04-01,2015-05-01,5.6
RF,5.399023333333351,NA,2015-04-01,2015-05-01,5.6
ols,5.54760228967369,0.01903017020643956,2015-05-01,2015-06-01,5.3
elastic,5.638731135766457,NA,2015-05-01,2015-06-01,5.3
RF,5.416100000000009,NA,2015-05-01,2015-06-01,5.3
ols,5.758745082987652,0.01870875657628758,2015-06-01,2015-07-01,5.2
elastic,5.825265710619141,NA,2015-06-01,2015-07-01,5.2
RF,5.915260000000005,NA,2015-06-01,2015-07-01,5.2
ols,5.4104862321951215,0.017392900966850807,2015-07-01,2015-08-01,5.1
elastic,5.6042257969780644,NA,2015-07-01,2015-08-01,5.1
RF,5.521723333333338,NA,2015-07-01,2015-08-01,5.1
ols,5.358955250951271,0.01647047777562947,2015-08-01,2015-09-01,5
elastic,5.53280682479801,NA,2015-08-01,2015-09-01,5
RF,5.33341666666667,NA,2015-08-01,2015-09-01,5
ols,5.3034631566312465,0.017455413890008847,2015-09-01,2015-10-01,5
elastic,5.458155848049817,NA,2015-09-01,2015-10-01,5
RF,5.410130000000004,NA,2015-09-01,2015-10-01,5
ols,5.206066938474687,0.017861105282265838,2015-10-01,2015-11-01,5.1
elastic,5.400809410001565,NA,2015-10-01,2015-11-01,5.1
RF,5.30327333333333,NA,2015-10-01,2015-11-01,5.1
ols,5.279466579570052,0.022988328899402985,2015-11-01,2015-12-01,5
elastic,5.415493466277289,NA,2015-11-01,2015-12-01,5
RF,5.2857733333333226,NA,2015-11-01,2015-12-01,5
ols,5.337389710267041,0.021585384625522,2015-12-01,2016-01-01,4.8
elastic,5.531359026368228,NA,2015-12-01,2016-01-01,4.8
RF,5.423699999999998,NA,2015-12-01,2016-01-01,4.8
ols,5.112533245041351,0.02393814024592727,2016-01-01,2016-02-01,4.9
elastic,5.436667501982279,NA,2016-01-01,2016-02-01,4.9
RF,5.224049999999995,NA,2016-01-01,2016-02-01,4.9
ols,5.042419867765057,0.022714422192142616,2016-02-01,2016-03-01,5
elastic,5.282771529327551,NA,2016-02-01,2016-03-01,5
RF,5.03066999999999,NA,2016-02-01,2016-03-01,5
ols,5.124885073147579,0.02385884072803379,2016-03-01,2016-04-01,5.1
elastic,5.342121177846829,NA,2016-03-01,2016-04-01,5.1
RF,5.175713333333336,NA,2016-03-01,2016-04-01,5.1
ols,5.141175268384898,0.02117310394989055,2016-04-01,2016-05-01,4.8
elastic,5.418821266400926,NA,2016-04-01,2016-05-01,4.8
RF,5.086943333333326,NA,2016-04-01,2016-05-01,4.8
ols,5.243823641229746,0.018490632667221323,2016-05-01,2016-06-01,4.9
elastic,5.476063222444457,NA,2016-05-01,2016-06-01,4.9
RF,5.119853333333332,NA,2016-05-01,2016-06-01,4.9
ols,4.922825168356476,0.02111058850911227,2016-06-01,2016-07-01,4.8
elastic,5.228850207707432,NA,2016-06-01,2016-07-01,4.8
RF,4.99068,NA,2016-06-01,2016-07-01,4.8
ols,5.100023798314563,0.01858341638299721,2016-07-01,2016-08-01,4.9
elastic,5.305722447735399,NA,2016-07-01,2016-08-01,4.9
RF,5.019096666666658,NA,2016-07-01,2016-08-01,4.9
ols,4.950846326703967,0.019144127427419142,2016-08-01,2016-09-01,5
elastic,5.2110850836258855,NA,2016-08-01,2016-09-01,5
RF,4.972270000000005,NA,2016-08-01,2016-09-01,5
ols,5.0128784580703964,0.01792332417782868,2016-09-01,2016-10-01,4.9
elastic,5.27657401892407,NA,2016-09-01,2016-10-01,4.9
RF,5.047256666666663,NA,2016-09-01,2016-10-01,4.9
ols,5.075725560257524,0.01761695956187152,2016-10-01,2016-11-01,4.7
elastic,5.332648558503814,NA,2016-10-01,2016-11-01,4.7
RF,5.059993333333329,NA,2016-10-01,2016-11-01,4.7
ols,4.939065319730798,0.021538836789235766,2016-11-01,2016-12-01,4.7
elastic,5.213968458586788,NA,2016-11-01,2016-12-01,4.7
RF,5.047883333333332,NA,2016-11-01,2016-12-01,4.7
ols,4.6437988438634195,0.02509205358872092,2016-12-01,2017-01-01,4.7
elastic,5.014789366628206,NA,2016-12-01,2017-01-01,4.7
RF,4.619620000000002,NA,2016-12-01,2017-01-01,4.7
ols,4.857226704363029,0.021440516343123845,2017-01-01,2017-02-01,4.6
elastic,5.051111313374352,NA,2017-01-01,2017-02-01,4.6
RF,4.6707500000000035,NA,2017-01-01,2017-02-01,4.6
ols,4.778648295141573,0.01608409990851168,2017-02-01,2017-03-01,4.4
elastic,5.051427601985609,NA,2017-02-01,2017-03-01,4.4
RF,4.711476666666665,NA,2017-02-01,2017-03-01,4.4
ols,4.556756988281167,0.019969667995179873,2017-03-01,2017-04-01,4.5
elastic,4.926574399098323,NA,2017-03-01,2017-04-01,4.5
RF,4.600796666666675,NA,2017-03-01,2017-04-01,4.5
ols,4.41493634047555,0.01918657408678366,2017-04-01,2017-05-01,4.4
elastic,4.753468811867466,NA,2017-04-01,2017-05-01,4.4
RF,4.401346666666676,NA,2017-04-01,2017-05-01,4.4
ols,4.529899579574568,0.01650353180260974,2017-05-01,2017-06-01,4.3
elastic,4.8079332051143195,NA,2017-05-01,2017-06-01,4.3
RF,4.550753333333336,NA,2017-05-01,2017-06-01,4.3
ols,4.4829069216690565,0.015288331605486071,2017-06-01,2017-07-01,4.3
elastic,4.738317929440043,NA,2017-06-01,2017-07-01,4.3
RF,4.436283333333347,NA,2017-06-01,2017-07-01,4.3
ols,4.368333701837506,0.01702109130508533,2017-07-01,2017-08-01,4.4
elastic,4.650194953183608,NA,2017-07-01,2017-08-01,4.4
RF,4.249940000000009,NA,2017-07-01,2017-08-01,4.4
ols,4.407608895171262,0.01712550343589485,2017-08-01,2017-09-01,4.2
elastic,4.677783941332694,NA,2017-08-01,2017-09-01,4.2
RF,4.288790000000012,NA,2017-08-01,2017-09-01,4.2
ols,4.470795404199637,0.015840548286300892,2017-09-01,2017-10-01,4.1
elastic,4.755172648392037,NA,2017-09-01,2017-10-01,4.1
RF,4.483226666666676,NA,2017-09-01,2017-10-01,4.1
ols,4.129166551325175,0.020616542702724405,2017-10-01,2017-11-01,4.2
elastic,4.549087440611015,NA,2017-10-01,2017-11-01,4.2
RF,4.171490000000001,NA,2017-10-01,2017-11-01,4.2
ols,4.0706113056989155,0.018364293484715213,2017-11-01,2017-12-01,4.1
elastic,4.450654892063497,NA,2017-11-01,2017-12-01,4.1
RF,4.001126666666676,NA,2017-11-01,2017-12-01,4.1
ols,4.2665621408679595,0.015400965133361061,2017-12-01,2018-01-01,4
elastic,4.532669827675538,NA,2017-12-01,2018-01-01,4
RF,4.1995700000000005,NA,2017-12-01,2018-01-01,4
ols,4.149160783666697,0.016960094582601788,2018-01-01,2018-02-01,4.1
elastic,4.454773293457986,NA,2018-01-01,2018-02-01,4.1
RF,4.157146666666665,NA,2018-01-01,2018-02-01,4.1
ols,3.942522193982609,0.020215089152155793,2018-02-01,2018-03-01,4
elastic,4.350655747071498,NA,2018-02-01,2018-03-01,4
RF,4.024059999999996,NA,2018-02-01,2018-03-01,4
ols,4.134157959167895,0.01879228800384288,2018-03-01,2018-04-01,4
elastic,4.447882967406662,NA,2018-03-01,2018-04-01,4
RF,4.019973333333333,NA,2018-03-01,2018-04-01,4
ols,4.029026157573637,0.01626475807728565,2018-04-01,2018-05-01,3.8
elastic,4.369397830101649,NA,2018-04-01,2018-05-01,3.8
RF,4.000426666666664,NA,2018-04-01,2018-05-01,3.8
ols,4.107264551038006,0.017397132901160826,2018-05-01,2018-06-01,4
elastic,4.3830215459957005,NA,2018-05-01,2018-06-01,4
RF,4.069219999999993,NA,2018-05-01,2018-06-01,4
ols,3.811185354778338,0.019472705885154158,2018-06-01,2018-07-01,3.8
elastic,4.232825376841529,NA,2018-06-01,2018-07-01,3.8
RF,3.800116666666649,NA,2018-06-01,2018-07-01,3.8
ols,3.9974948970179827,0.017532013407563746,2018-07-01,2018-08-01,3.8
elastic,4.371961993561232,NA,2018-07-01,2018-08-01,3.8
RF,3.938276666666672,NA,2018-07-01,2018-08-01,3.8
ols,3.7101143011999054,0.021139414458051564,2018-08-01,2018-09-01,3.7
elastic,4.17418613568783,NA,2018-08-01,2018-09-01,3.7
RF,3.71172999999999,NA,2018-08-01,2018-09-01,3.7
ols,3.774488214578156,0.017417709826699334,2018-09-01,2018-10-01,3.8
elastic,4.148167266939255,NA,2018-09-01,2018-10-01,3.8
RF,3.670926666666665,NA,2018-09-01,2018-10-01,3.8
ols,3.804936394001619,0.019884926643609933,2018-10-01,2018-11-01,3.8
elastic,4.093489849306495,NA,2018-10-01,2018-11-01,3.8
RF,3.6298466666666696,NA,2018-10-01,2018-11-01,3.8
ols,3.830188085116223,0.017794725533031516,2018-11-01,2018-12-01,3.9
elastic,4.19913063688315,NA,2018-11-01,2018-12-01,3.9
RF,3.765963333333322,NA,2018-11-01,2018-12-01,3.9
ols,3.8916004565521334,0.02032421074736328,2018-12-01,2019-01-01,4
elastic,4.230269512989351,NA,2018-12-01,2019-01-01,4
RF,3.8194399999999877,NA,2018-12-01,2019-01-01,4
ols,3.9677905548946084,0.020146513216491944,2019-01-01,2019-02-01,3.8
elastic,4.305622608660661,NA,2019-01-01,2019-02-01,3.8
RF,3.9028799999999984,NA,2019-01-01,2019-02-01,3.8
ols,4.122477981043798,0.01708170271249016,2019-02-01,2019-03-01,3.8
elastic,4.39517610953733,NA,2019-02-01,2019-03-01,3.8
RF,3.931136666666665,NA,2019-02-01,2019-03-01,3.8
ols,3.918421578611025,0.01780776294832169,2019-03-01,2019-04-01,3.7
elastic,4.259970419086587,NA,2019-03-01,2019-04-01,3.7
RF,3.837069999999985,NA,2019-03-01,2019-04-01,3.7
ols,4.022371460631945,0.020340330418862396,2019-04-01,2019-05-01,3.7
elastic,4.294710396290922,NA,2019-04-01,2019-05-01,3.7
RF,3.8585799999999946,NA,2019-04-01,2019-05-01,3.7
ols,3.732848877247688,0.022424460838101828,2019-05-01,2019-06-01,3.6
elastic,4.211033574831583,NA,2019-05-01,2019-06-01,3.6
RF,3.8548133333333316,NA,2019-05-01,2019-06-01,3.6
ols,3.892033282315591,0.022346675586927402,2019-06-01,2019-07-01,3.6
elastic,4.232923284671618,NA,2019-06-01,2019-07-01,3.6
RF,3.763486666666669,NA,2019-06-01,2019-07-01,3.6
ols,3.768993824836243,0.023434725968491554,2019-07-01,2019-08-01,3.7
elastic,4.1500150402665295,NA,2019-07-01,2019-08-01,3.7
RF,3.7764000000000055,NA,2019-07-01,2019-08-01,3.7
ols,3.777867433935727,0.02617828951113954,2019-08-01,2019-09-01,3.5
elastic,4.185185723045025,NA,2019-08-01,2019-09-01,3.5
RF,3.8002400000000027,NA,2019-08-01,2019-09-01,3.5
ols,3.861938907510952,0.02636081061362494,2019-09-01,2019-10-01,3.6
elastic,4.241188196069233,NA,2019-09-01,2019-10-01,3.6
RF,3.777970000000007,NA,2019-09-01,2019-10-01,3.6
ols,3.6888639509445698,0.021335258827039173,2019-10-01,2019-11-01,3.6
elastic,4.0986837349732514,NA,2019-10-01,2019-11-01,3.6
RF,3.9323266666666763,NA,2019-10-01,2019-11-01,3.6
ols,3.6982615924692896,0.021691682960284054,2019-11-01,2019-12-01,3.6
elastic,4.167354722967994,NA,2019-11-01,2019-12-01,3.6
RF,3.715206666666659,NA,2019-11-01,2019-12-01,3.6
ols,3.764187301147634,0.02088989658219769,2019-12-01,2020-01-01,3.5
elastic,4.174009015444007,NA,2019-12-01,2020-01-01,3.5
RF,3.7560266666666613,NA,2019-12-01,2020-01-01,3.5
uniform.combo,5.663110982026847,NA,NA,2015-02-01,NA
uniform.combo,5.641478315411457,NA,NA,2015-03-01,NA
uniform.combo,5.545681613242484,NA,NA,2015-04-01,NA
uniform.combo,5.449029786596433,NA,NA,2015-05-01,NA
uniform.combo,5.560599954971091,NA,NA,2015-06-01,NA
uniform.combo,5.569828605636893,NA,NA,2015-07-01,NA
uniform.combo,5.34133326782048,NA,NA,2015-08-01,NA
uniform.combo,5.234976633320876,NA,NA,2015-09-01,NA
uniform.combo,5.17554037347718,NA,NA,2015-10-01,NA
uniform.combo,5.134116639625168,NA,NA,2015-11-01,NA
uniform.combo,5.204992648811329,NA,NA,2015-12-01,NA
uniform.combo,5.215356515744917,NA,NA,2016-01-01,NA
uniform.combo,5.0210401340074515,NA,NA,2016-02-01,NA
uniform.combo,4.994211007089679,NA,NA,2016-03-01,NA
uniform.combo,5.103987630041828,NA,NA,2016-04-01,NA
uniform.combo,5.165155448862423,NA,NA,2016-05-01,NA
uniform.combo,5.046096338820439,NA,NA,2016-06-01,NA
uniform.combo,4.962823153637838,NA,NA,2016-07-01,NA
uniform.combo,4.965018631349217,NA,NA,2016-08-01,NA
uniform.combo,4.965932849215876,NA,NA,2016-09-01,NA
uniform.combo,5.059302237451411,NA,NA,2016-10-01,NA
uniform.combo,5.0352711110188295,NA,NA,2016-11-01,NA
uniform.combo,4.879564166984716,NA,NA,2016-12-01,NA
uniform.combo,4.714698159373071,NA,NA,2017-01-01,NA
uniform.combo,4.768844403192475,NA,NA,2017-02-01,NA
uniform.combo,4.715709562511065,NA,NA,2017-03-01,NA
uniform.combo,4.534069641885349,NA,NA,2017-04-01,NA
uniform.combo,4.493526912174152,NA,NA,2017-05-01,NA
uniform.combo,4.5065333614627,NA,NA,2017-06-01,NA
uniform.combo,4.415634067329746,NA,NA,2017-07-01,NA
uniform.combo,4.3490642101163655,NA,NA,2017-08-01,NA
uniform.combo,4.4228979564416635,NA,NA,2017-09-01,NA
uniform.combo,4.384133135018306,NA,NA,2017-10-01,NA
uniform.combo,4.179435636922901,NA,NA,2017-11-01,NA
uniform.combo,4.173947674559206,NA,NA,2017-12-01,NA
uniform.combo,4.21199602821897,NA,NA,2018-01-01,NA
uniform.combo,4.118374813008278,NA,NA,2018-02-01,NA
uniform.combo,4.093208841708279,NA,NA,2018-03-01,NA
uniform.combo,4.097985478266759,NA,NA,2018-04-01,NA
uniform.combo,4.060756898910471,NA,NA,2018-05-01,NA
uniform.combo,3.985862593532746,NA,NA,2018-06-01,NA
uniform.combo,3.9614264384610616,NA,NA,2018-07-01,NA
uniform.combo,3.9505682135609623,NA,NA,2018-08-01,NA
uniform.combo,3.8230924433677083,NA,NA,2018-09-01,NA
uniform.combo,3.7733282987717,NA,NA,2018-10-01,NA
uniform.combo,3.811940913918808,NA,NA,2018-11-01,NA
uniform.combo,3.865556114546089,NA,NA,2018-12-01,NA
uniform.combo,3.943099537980857,NA,NA,2019-01-01,NA
uniform.combo,4.03882395844396,NA,NA,2019-02-01,NA
uniform.combo,3.9841795523534786,NA,NA,2019-03-01,NA
uniform.combo,3.897227897585093,NA,NA,2019-04-01,NA
uniform.combo,3.8719745002805888,NA,NA,2019-05-01,NA
uniform.combo,3.8060709574851557,NA,NA,2019-06-01,NA
uniform.combo,3.7729507169436425,NA,NA,2019-07-01,NA
uniform.combo,3.738786044778599,NA,NA,2019-08-01,NA
uniform.combo,3.805334732688602,NA,NA,2019-09-01,NA
uniform.combo,3.7303574404217086,NA,NA,2019-10-01,NA
uniform.combo,3.744661324408521,NA,NA,2019-11-01,NA
uniform.combo,3.7289134429487394,NA,NA,2019-12-01,NA
uniform.combo,3.749526488663626,NA,NA,2020-01-01,NA
median.combo,5.655053812201929,NA,NA,2015-02-01,NA
median.combo,5.638001666666671,NA,NA,2015-03-01,NA
median.combo,5.52904711156039,NA,NA,2015-04-01,NA
median.combo,5.399511666666676,NA,NA,2015-05-01,NA
median.combo,5.580583152193197,NA,NA,2015-06-01,NA
median.combo,5.5352286740551815,NA,NA,2015-07-01,NA
median.combo,5.305243116097561,NA,NA,2015-08-01,NA
median.combo,5.216708333333335,NA,NA,2015-09-01,NA
median.combo,5.151731578315623,NA,NA,2015-10-01,NA
median.combo,5.103033469237344,NA,NA,2015-11-01,NA
median.combo,5.189733289785026,NA,NA,2015-12-01,NA
median.combo,5.169213201590625,NA,NA,2016-01-01,NA
median.combo,4.956266622520675,NA,NA,2016-02-01,NA
median.combo,4.965334999999995,NA,NA,2016-03-01,NA
median.combo,5.062442536573789,NA,NA,2016-04-01,NA
median.combo,5.121996412527694,NA,NA,2016-05-01,NA
median.combo,4.969948217762665,NA,NA,2016-06-01,NA
median.combo,4.911412584178239,NA,NA,2016-07-01,NA
median.combo,4.909548333333329,NA,NA,2016-08-01,NA
median.combo,4.925423163351984,NA,NA,2016-09-01,NA
median.combo,5.011291235272386,NA,NA,2016-10-01,NA
median.combo,4.991171830084918,NA,NA,2016-11-01,NA
median.combo,4.8195326598653985,NA,NA,2016-12-01,NA
median.combo,4.654990372873399,NA,NA,2017-01-01,NA
median.combo,4.685375000000002,NA,NA,2017-02-01,NA
median.combo,4.655738333333332,NA,NA,2017-03-01,NA
median.combo,4.478378494140584,NA,NA,2017-04-01,NA
median.combo,4.445704827017611,NA,NA,2017-05-01,NA
median.combo,4.464949789787284,NA,NA,2017-06-01,NA
median.combo,4.3681416666666735,NA,NA,2017-07-01,NA
median.combo,4.281689453283404,NA,NA,2017-08-01,NA
median.combo,4.390824525777352,NA,NA,2017-09-01,NA
median.combo,4.335397702099819,NA,NA,2017-10-01,NA
median.combo,4.1145832756625875,NA,NA,2017-11-01,NA
median.combo,4.160646591463072,NA,NA,2017-12-01,NA
median.combo,4.149785,NA,NA,2018-01-01,NA
median.combo,4.074580391833349,NA,NA,2018-02-01,NA
median.combo,4.071007554597786,NA,NA,2018-03-01,NA
median.combo,4.009986666666666,NA,NA,2018-04-01,NA
median.combo,4.000213333333332,NA,NA,2018-05-01,NA
median.combo,3.9346099999999966,NA,NA,2018-06-01,NA
median.combo,3.9622156162399267,NA,NA,2018-07-01,NA
median.combo,3.869138333333336,NA,NA,2018-08-01,NA
median.combo,3.7712621116592624,NA,NA,2018-09-01,NA
median.combo,3.6868787818291864,NA,NA,2018-10-01,NA
median.combo,3.7859342144664554,NA,NA,2018-11-01,NA
median.combo,3.7996878612521203,NA,NA,2018-12-01,NA
median.combo,3.9042940518004774,NA,NA,2019-01-01,NA
median.combo,4.014138338908795,NA,NA,2019-02-01,NA
median.combo,3.880124232246146,NA,NA,2019-03-01,NA
median.combo,3.8185349999999927,NA,NA,2019-04-01,NA
median.combo,3.7792899999999974,NA,NA,2019-05-01,NA
median.combo,3.716424438623844,NA,NA,2019-06-01,NA
median.combo,3.6817433333333343,NA,NA,2019-07-01,NA
median.combo,3.6844969124181217,NA,NA,2019-08-01,NA
median.combo,3.7389337169678636,NA,NA,2019-09-01,NA
median.combo,3.6398453299349307,NA,NA,2019-10-01,NA
median.combo,3.644431975472285,NA,NA,2019-11-01,NA
median.combo,3.649130796234645,NA,NA,2019-12-01,NA
median.combo,3.678872303487088,NA,NA,2020-01-01,NA
trimmed.mean.combo,5.663110982026847,NA,NA,2015-02-01,NA
trimmed.mean.combo,5.641478315411457,NA,NA,2015-03-01,NA
trimmed.mean.combo,5.545681613242484,NA,NA,2015-04-01,NA
trimmed.mean.combo,5.449029786596433,NA,NA,2015-05-01,NA
trimmed.mean.combo,5.560599954971091,NA,NA,2015-06-01,NA
trimmed.mean.combo,5.569828605636893,NA,NA,2015-07-01,NA
trimmed.mean.combo,5.34133326782048,NA,NA,2015-08-01,NA
trimmed.mean.combo,5.234976633320876,NA,NA,2015-09-01,NA
trimmed.mean.combo,5.17554037347718,NA,NA,2015-10-01,NA
trimmed.mean.combo,5.134116639625168,NA,NA,2015-11-01,NA
trimmed.mean.combo,5.204992648811329,NA,NA,2015-12-01,NA
trimmed.mean.combo,5.215356515744917,NA,NA,2016-01-01,NA
trimmed.mean.combo,5.0210401340074515,NA,NA,2016-02-01,NA
trimmed.mean.combo,4.994211007089679,NA,NA,2016-03-01,NA
trimmed.mean.combo,5.103987630041828,NA,NA,2016-04-01,NA
trimmed.mean.combo,5.165155448862423,NA,NA,2016-05-01,NA
trimmed.mean.combo,5.046096338820439,NA,NA,2016-06-01,NA
trimmed.mean.combo,4.962823153637838,NA,NA,2016-07-01,NA
trimmed.mean.combo,4.965018631349217,NA,NA,2016-08-01,NA
trimmed.mean.combo,4.965932849215876,NA,NA,2016-09-01,NA
trimmed.mean.combo,5.059302237451411,NA,NA,2016-10-01,NA
trimmed.mean.combo,5.0352711110188295,NA,NA,2016-11-01,NA
trimmed.mean.combo,4.879564166984716,NA,NA,2016-12-01,NA
trimmed.mean.combo,4.714698159373071,NA,NA,2017-01-01,NA
trimmed.mean.combo,4.768844403192475,NA,NA,2017-02-01,NA
trimmed.mean.combo,4.715709562511065,NA,NA,2017-03-01,NA
trimmed.mean.combo,4.534069641885349,NA,NA,2017-04-01,NA
trimmed.mean.combo,4.493526912174152,NA,NA,2017-05-01,NA
trimmed.mean.combo,4.5065333614627,NA,NA,2017-06-01,NA
trimmed.mean.combo,4.415634067329746,NA,NA,2017-07-01,NA
trimmed.mean.combo,4.3490642101163655,NA,NA,2017-08-01,NA
trimmed.mean.combo,4.4228979564416635,NA,NA,2017-09-01,NA
trimmed.mean.combo,4.384133135018306,NA,NA,2017-10-01,NA
trimmed.mean.combo,4.179435636922901,NA,NA,2017-11-01,NA
trimmed.mean.combo,4.173947674559206,NA,NA,2017-12-01,NA
trimmed.mean.combo,4.21199602821897,NA,NA,2018-01-01,NA
trimmed.mean.combo,4.118374813008278,NA,NA,2018-02-01,NA
trimmed.mean.combo,4.093208841708279,NA,NA,2018-03-01,NA
trimmed.mean.combo,4.097985478266759,NA,NA,2018-04-01,NA
trimmed.mean.combo,4.060756898910471,NA,NA,2018-05-01,NA
trimmed.mean.combo,3.985862593532746,NA,NA,2018-06-01,NA
trimmed.mean.combo,3.9614264384610616,NA,NA,2018-07-01,NA
trimmed.mean.combo,3.9505682135609623,NA,NA,2018-08-01,NA
trimmed.mean.combo,3.8230924433677083,NA,NA,2018-09-01,NA
trimmed.mean.combo,3.7733282987717,NA,NA,2018-10-01,NA
trimmed.mean.combo,3.811940913918808,NA,NA,2018-11-01,NA
trimmed.mean.combo,3.865556114546089,NA,NA,2018-12-01,NA
trimmed.mean.combo,3.943099537980857,NA,NA,2019-01-01,NA
trimmed.mean.combo,4.03882395844396,NA,NA,2019-02-01,NA
trimmed.mean.combo,3.9841795523534786,NA,NA,2019-03-01,NA
trimmed.mean.combo,3.897227897585093,NA,NA,2019-04-01,NA
trimmed.mean.combo,3.8719745002805888,NA,NA,2019-05-01,NA
trimmed.mean.combo,3.8060709574851557,NA,NA,2019-06-01,NA
trimmed.mean.combo,3.7729507169436425,NA,NA,2019-07-01,NA
trimmed.mean.combo,3.738786044778599,NA,NA,2019-08-01,NA
trimmed.mean.combo,3.805334732688602,NA,NA,2019-09-01,NA
trimmed.mean.combo,3.7303574404217086,NA,NA,2019-10-01,NA
trimmed.mean.combo,3.744661324408521,NA,NA,2019-11-01,NA
trimmed.mean.combo,3.7289134429487394,NA,NA,2019-12-01,NA
trimmed.mean.combo,3.749526488663626,NA,NA,2020-01-01,NA
N.best.combo,5.618294875499046,NA,NA,2015-02-01,NA
N1.combo,5.606573333333313,NA,NA,2015-02-01,NA
N2.combo,5.6300164176647804,NA,NA,2015-02-01,NA
N.best.combo,5.475541514994476,NA,NA,2015-03-01,NA
N1.combo,5.474781974153568,NA,NA,2015-03-01,NA
N2.combo,5.476301055835385,NA,NA,2015-03-01,NA
N.best.combo,5.350265596691919,NA,NA,2015-04-01,NA
N1.combo,5.349774292240768,NA,NA,2015-04-01,NA
N2.combo,5.35075690114307,NA,NA,2015-04-01,NA
N.best.combo,5.387471764153463,NA,NA,2015-05-01,NA
N1.combo,5.4,NA,NA,2015-05-01,NA
N2.combo,5.374943528306925,NA,NA,2015-05-01,NA
N.best.combo,5.58045758110544,NA,NA,2015-06-01,NA
N1.combo,5.580332010017683,NA,NA,2015-06-01,NA
N2.combo,5.580583152193197,NA,NA,2015-06-01,NA
N.best.combo,5.308919497599566,NA,NA,2015-07-01,NA
N1.combo,5.3079885750918505,NA,NA,2015-07-01,NA
N2.combo,5.309850420107281,NA,NA,2015-07-01,NA
N.best.combo,5.155391467250979,NA,NA,2015-08-01,NA
N1.combo,5.155000812293778,NA,NA,2015-08-01,NA
N2.combo,5.155782122208179,NA,NA,2015-08-01,NA
N.best.combo,5.042130335827666,NA,NA,2015-09-01,NA
N1.combo,5.041920142900677,NA,NA,2015-09-01,NA
N2.combo,5.0423405287546545,NA,NA,2015-09-01,NA
N.best.combo,4.940469255988616,NA,NA,2015-10-01,NA
N1.combo,4.940191893886228,NA,NA,2015-10-01,NA
N2.combo,4.940746618091005,NA,NA,2015-10-01,NA
N.best.combo,4.947074661454228,NA,NA,2015-11-01,NA
N1.combo,4.946874244937743,NA,NA,2015-11-01,NA
N2.combo,4.947275077970713,NA,NA,2015-11-01,NA
N.best.combo,5.074483914724553,NA,NA,2015-12-01,NA
N1.combo,5.07435657260545,NA,NA,2015-12-01,NA
N2.combo,5.0746112568436565,NA,NA,2015-12-01,NA
N.best.combo,4.999249421918569,NA,NA,2016-01-01,NA
N1.combo,4.998653664920022,NA,NA,2016-01-01,NA
N2.combo,4.999845178917116,NA,NA,2016-01-01,NA
N.best.combo,4.775842413727665,NA,NA,2016-02-01,NA
N1.combo,4.775189798944789,NA,NA,2016-02-01,NA
N2.combo,4.776495028510542,NA,NA,2016-02-01,NA
N.best.combo,4.888732038448368,NA,NA,2016-03-01,NA
N1.combo,4.9,NA,NA,2016-03-01,NA
N2.combo,4.877464076896736,NA,NA,2016-03-01,NA
N.best.combo,4.9976893210904825,NA,NA,2016-04-01,NA
N1.combo,5,NA,NA,2016-04-01,NA
N2.combo,4.995378642180965,NA,NA,2016-04-01,NA
N.best.combo,5.105452480049865,NA,NA,2016-05-01,NA
N1.combo,5.1,NA,NA,2016-05-01,NA
N2.combo,5.110904960099731,NA,NA,2016-05-01,NA
N.best.combo,4.8041986834307755,NA,NA,2016-06-01,NA
N1.combo,4.8,NA,NA,2016-06-01,NA
N2.combo,4.808397366861551,NA,NA,2016-06-01,NA
N.best.combo,4.891934855055727,NA,NA,2016-07-01,NA
N1.combo,4.9,NA,NA,2016-07-01,NA
N2.combo,4.883869710111453,NA,NA,2016-07-01,NA
N.best.combo,4.795611214928208,NA,NA,2016-08-01,NA
N1.combo,4.8,NA,NA,2016-08-01,NA
N2.combo,4.7912224298564166,NA,NA,2016-08-01,NA
N.best.combo,4.895266629514369,NA,NA,2016-09-01,NA
N1.combo,4.9,NA,NA,2016-09-01,NA
N2.combo,4.890533259028738,NA,NA,2016-09-01,NA
N.best.combo,5.002426003118594,NA,NA,2016-10-01,NA
N1.combo,5,NA,NA,2016-10-01,NA
N2.combo,5.004852006237188,NA,NA,2016-10-01,NA
N.best.combo,4.905227221795451,NA,NA,2016-11-01,NA
N1.combo,4.9,NA,NA,2016-11-01,NA
N2.combo,4.910454443590902,NA,NA,2016-11-01,NA
N.best.combo,4.696850711048786,NA,NA,2016-12-01,NA
N1.combo,4.7,NA,NA,2016-12-01,NA
N2.combo,4.693701422097572,NA,NA,2016-12-01,NA
N.best.combo,4.688815189452381,NA,NA,2017-01-01,NA
N1.combo,4.7,NA,NA,2017-01-01,NA
N2.combo,4.677630378904762,NA,NA,2017-01-01,NA
N.best.combo,4.6917857928847155,NA,NA,2017-02-01,NA
N1.combo,4.7,NA,NA,2017-02-01,NA
N2.combo,4.68357158576943,NA,NA,2017-02-01,NA
N.best.combo,4.5939465171378675,NA,NA,2017-03-01,NA
N1.combo,4.6,NA,NA,2017-03-01,NA
N2.combo,4.587893034275735,NA,NA,2017-03-01,NA
N.best.combo,4.389774327757918,NA,NA,2017-04-01,NA
N1.combo,4.4,NA,NA,2017-04-01,NA
N2.combo,4.379548655515835,NA,NA,2017-04-01,NA
N.best.combo,4.486467076467542,NA,NA,2017-05-01,NA
N1.combo,4.5,NA,NA,2017-05-01,NA
N2.combo,4.472934152935084,NA,NA,2017-05-01,NA
N.best.combo,4.393629770808278,NA,NA,2017-06-01,NA
N1.combo,4.4,NA,NA,2017-06-01,NA
N2.combo,4.387259541616557,NA,NA,2017-06-01,NA
N.best.combo,4.291806301854715,NA,NA,2017-07-01,NA
N1.combo,4.3,NA,NA,2017-07-01,NA
N2.combo,4.283612603709431,NA,NA,2017-07-01,NA
N.best.combo,4.290634424777565,NA,NA,2017-08-01,NA
N1.combo,4.3,NA,NA,2017-08-01,NA
N2.combo,4.281268849555129,NA,NA,2017-08-01,NA
N.best.combo,4.395388962647828,NA,NA,2017-09-01,NA
N1.combo,4.4,NA,NA,2017-09-01,NA
N2.combo,4.390777925295655,NA,NA,2017-09-01,NA
N.best.combo,4.19912392134378,NA,NA,2017-10-01,NA
N1.combo,4.2,NA,NA,2017-10-01,NA
N2.combo,4.198247842687561,NA,NA,2017-10-01,NA
N.best.combo,4.090686077028417,NA,NA,2017-11-01,NA
N1.combo,4.1,NA,NA,2017-11-01,NA
N2.combo,4.081372154056835,NA,NA,2017-11-01,NA
N.best.combo,4.19024790766292,NA,NA,2017-12-01,NA
N1.combo,4.2,NA,NA,2017-12-01,NA
N2.combo,4.18049581532584,NA,NA,2017-12-01,NA
N.best.combo,4.096476483769432,NA,NA,2018-01-01,NA
N1.combo,4.1,NA,NA,2018-01-01,NA
N2.combo,4.092952967538864,NA,NA,2018-01-01,NA
N.best.combo,3.9934483760628496,NA,NA,2018-02-01,NA
N1.combo,4,NA,NA,2018-02-01,NA
N2.combo,3.9868967521256993,NA,NA,2018-02-01,NA
N.best.combo,4.092783429601221,NA,NA,2018-03-01,NA
N1.combo,4.1,NA,NA,2018-03-01,NA
N2.combo,4.085566859202442,NA,NA,2018-03-01,NA
N.best.combo,3.9980569317159573,NA,NA,2018-04-01,NA
N1.combo,4,NA,NA,2018-04-01,NA
N2.combo,3.9961138634319147,NA,NA,2018-04-01,NA
N.best.combo,3.9956263418147877,NA,NA,2018-05-01,NA
N1.combo,4,NA,NA,2018-05-01,NA
N2.combo,3.9912526836295754,NA,NA,2018-05-01,NA
N.best.combo,3.7942145151720217,NA,NA,2018-06-01,NA
N1.combo,3.8,NA,NA,2018-06-01,NA
N2.combo,3.788429030344044,NA,NA,2018-06-01,NA
N.best.combo,3.9903868446446866,NA,NA,2018-07-01,NA
N1.combo,4,NA,NA,2018-07-01,NA
N2.combo,3.9807736892893733,NA,NA,2018-07-01,NA
N.best.combo,3.799722973721083,NA,NA,2018-08-01,NA
N1.combo,3.8,NA,NA,2018-08-01,NA
N2.combo,3.799445947442166,NA,NA,2018-08-01,NA
N.best.combo,3.792896031664987,NA,NA,2018-09-01,NA
N1.combo,3.8,NA,NA,2018-09-01,NA
N2.combo,3.785792063329974,NA,NA,2018-09-01,NA
N.best.combo,3.6934393909145933,NA,NA,2018-10-01,NA
N1.combo,3.7,NA,NA,2018-10-01,NA
N2.combo,3.6868787818291864,NA,NA,2018-10-01,NA
N.best.combo,3.7928760361512883,NA,NA,2018-11-01,NA
N1.combo,3.8,NA,NA,2018-11-01,NA
N2.combo,3.785752072302577,NA,NA,2018-11-01,NA
N.best.combo,3.79984393062606,NA,NA,2018-12-01,NA
N1.combo,3.8,NA,NA,2018-12-01,NA
N2.combo,3.7996878612521203,NA,NA,2018-12-01,NA
N.best.combo,3.9021747886856786,NA,NA,2019-01-01,NA
N1.combo,3.9,NA,NA,2019-01-01,NA
N2.combo,3.9043495773713572,NA,NA,2019-01-01,NA
N.best.combo,4.007069169454398,NA,NA,2019-02-01,NA
N1.combo,4,NA,NA,2019-02-01,NA
N2.combo,4.014138338908795,NA,NA,2019-02-01,NA
N.best.combo,3.807277949456407,NA,NA,2019-03-01,NA
N1.combo,3.8,NA,NA,2019-03-01,NA
N2.combo,3.8145558989128134,NA,NA,2019-03-01,NA
N.best.combo,3.7959352244908917,NA,NA,2019-04-01,NA
N1.combo,3.8,NA,NA,2019-04-01,NA
N2.combo,3.7918704489817836,NA,NA,2019-04-01,NA
N.best.combo,3.6945227177093423,NA,NA,2019-05-01,NA
N1.combo,3.7,NA,NA,2019-05-01,NA
N2.combo,3.6890454354186843,NA,NA,2019-05-01,NA
N.best.combo,3.692161456714695,NA,NA,2019-06-01,NA
N1.combo,3.7,NA,NA,2019-06-01,NA
N2.combo,3.6843229134293902,NA,NA,2019-06-01,NA
N.best.combo,3.5937582675666726,NA,NA,2019-07-01,NA
N1.combo,3.6,NA,NA,2019-07-01,NA
N2.combo,3.587516535133345,NA,NA,2019-07-01,NA
N.best.combo,3.5922086089171303,NA,NA,2019-08-01,NA
N1.combo,3.6,NA,NA,2019-08-01,NA
N2.combo,3.58441721783426,NA,NA,2019-08-01,NA
N.best.combo,3.6960668070828655,NA,NA,2019-09-01,NA
N1.combo,3.7,NA,NA,2019-09-01,NA
N2.combo,3.6921336141657304,NA,NA,2019-09-01,NA
N.best.combo,3.5004301649674634,NA,NA,2019-10-01,NA
N1.combo,3.5,NA,NA,2019-10-01,NA
N2.combo,3.5008603299349272,NA,NA,2019-10-01,NA
N.best.combo,3.593484923482977,NA,NA,2019-11-01,NA
N1.combo,3.6,NA,NA,2019-11-01,NA
N2.combo,3.5869698469659537,NA,NA,2019-11-01,NA
N.best.combo,3.599124942347726,NA,NA,2019-12-01,NA
N1.combo,3.6,NA,NA,2019-12-01,NA
N2.combo,3.598249884695452,NA,NA,2019-12-01,NA
N.best.combo,3.6004294850768783,NA,NA,2020-01-01,NA
N1.combo,3.6,NA,NA,2020-01-01,NA
N2.combo,3.600858970153757,NA,NA,2020-01-01,NA
peLasso.combo,5.464426161372437,NA,NA,2015-06-01,NA
peLasso.combo,5.4354196784038376,NA,NA,2015-07-01,NA
peLasso.combo,5.173655262343729,NA,NA,2015-08-01,NA
peLasso.combo,5.066756385827294,NA,NA,2015-09-01,NA
peLasso.combo,5.001603301353803,NA,NA,2015-10-01,NA
peLasso.combo,4.959786193129039,NA,NA,2015-11-01,NA
peLasso.combo,5.04093254054725,NA,NA,2015-12-01,NA
peLasso.combo,5.045139176255615,NA,NA,2016-01-01,NA
peLasso.combo,4.836767613596732,NA,NA,2016-02-01,NA
peLasso.combo,4.817196920872168,NA,NA,2016-03-01,NA
peLasso.combo,4.937311346753222,NA,NA,2016-04-01,NA
peLasso.combo,5.010926672483678,NA,NA,2016-05-01,NA
peLasso.combo,4.873177424546894,NA,NA,2016-06-01,NA
peLasso.combo,4.798902569231222,NA,NA,2016-07-01,NA
peLasso.combo,4.7997094977503485,NA,NA,2016-08-01,NA
peLasso.combo,4.807430957749965,NA,NA,2016-09-01,NA
peLasso.combo,4.90866701951975,NA,NA,2016-10-01,NA
peLasso.combo,4.882375607467243,NA,NA,2016-11-01,NA
peLasso.combo,4.721862125546977,NA,NA,2016-12-01,NA
peLasso.combo,4.562261393113646,NA,NA,2017-01-01,NA
peLasso.combo,4.625726074730484,NA,NA,2017-02-01,NA
peLasso.combo,4.566742384322013,NA,NA,2017-03-01,NA
peLasso.combo,4.383158866244964,NA,NA,2017-04-01,NA
peLasso.combo,4.351398672443677,NA,NA,2017-05-01,NA
peLasso.combo,4.364658608283962,NA,NA,2017-06-01,NA
peLasso.combo,4.276650189596173,NA,NA,2017-07-01,NA
peLasso.combo,4.210894697484821,NA,NA,2017-08-01,NA
peLasso.combo,4.293272934383745,NA,NA,2017-09-01,NA
peLasso.combo,4.246507380735165,NA,NA,2017-10-01,NA
peLasso.combo,4.0481955580659506,NA,NA,2017-11-01,NA
peLasso.combo,4.050972010474713,NA,NA,2017-12-01,NA
peLasso.combo,4.08385962371429,NA,NA,2018-01-01,NA
peLasso.combo,3.9899309625351966,NA,NA,2018-02-01,NA
peLasso.combo,3.9708689212628356,NA,NA,2018-03-01,NA
peLasso.combo,3.9762738286290267,NA,NA,2018-04-01,NA
peLasso.combo,3.940049460756668,NA,NA,2018-05-01,NA
peLasso.combo,3.8600405260443797,NA,NA,2018-06-01,NA
peLasso.combo,3.846766912191396,NA,NA,2018-07-01,NA
peLasso.combo,3.831054802477788,NA,NA,2018-08-01,NA
peLasso.combo,3.704631525713078,NA,NA,2018-09-01,NA
peLasso.combo,3.6613789899035045,NA,NA,2018-10-01,NA
peLasso.combo,3.7030143710770216,NA,NA,2018-11-01,NA
peLasso.combo,3.7538010348900412,NA,NA,2018-12-01,NA
peLasso.combo,3.831719457903457,NA,NA,2019-01-01,NA
peLasso.combo,3.927317805616478,NA,NA,2019-02-01,NA
peLasso.combo,3.87011097743683,NA,NA,2019-03-01,NA
peLasso.combo,3.784958604911886,NA,NA,2019-04-01,NA
peLasso.combo,3.7579792722340013,NA,NA,2019-05-01,NA
peLasso.combo,3.6914487573899377,NA,NA,2019-06-01,NA
peLasso.combo,3.6599144397892043,NA,NA,2019-07-01,NA
peLasso.combo,3.624651309874999,NA,NA,2019-08-01,NA
peLasso.combo,3.6913907031866113,NA,NA,2019-09-01,NA
peLasso.combo,3.614818273095272,NA,NA,2019-10-01,NA
peLasso.combo,3.6242320977066744,NA,NA,2019-11-01,NA
peLasso.combo,3.6148506052779186,NA,NA,2019-12-01,NA
peLasso.combo,3.6340540719898757,NA,NA,2020-01-01,NA
lasso.combo,5.591465769918024,NA,NA,2015-06-01,NA
lasso.combo,5.4399999999999995,NA,NA,2015-07-01,NA
lasso.combo,5.4,NA,NA,2015-08-01,NA
lasso.combo,5.357142857142857,NA,NA,2015-09-01,NA
lasso.combo,5.05181477024323,NA,NA,2015-10-01,NA
lasso.combo,5.034729407243512,NA,NA,2015-11-01,NA
lasso.combo,5.128030693408542,NA,NA,2015-12-01,NA
lasso.combo,5.042427686538449,NA,NA,2016-01-01,NA
lasso.combo,4.838376990463419,NA,NA,2016-02-01,NA
lasso.combo,4.950741385016909,NA,NA,2016-03-01,NA
lasso.combo,5.033169240799566,NA,NA,2016-04-01,NA
lasso.combo,5.093656350029424,NA,NA,2016-05-01,NA
lasso.combo,4.8992382990911425,NA,NA,2016-06-01,NA
lasso.combo,4.909139728699456,NA,NA,2016-07-01,NA
lasso.combo,4.924191065227622,NA,NA,2016-08-01,NA
lasso.combo,4.932884319901338,NA,NA,2016-09-01,NA
lasso.combo,4.980516082382506,NA,NA,2016-10-01,NA
lasso.combo,4.942817785502322,NA,NA,2016-11-01,NA
lasso.combo,4.777743982565384,NA,NA,2016-12-01,NA
lasso.combo,4.7384989996968185,NA,NA,2017-01-01,NA
lasso.combo,4.857780182520417,NA,NA,2017-02-01,NA
lasso.combo,4.641002475797322,NA,NA,2017-03-01,NA
lasso.combo,4.462335154099361,NA,NA,2017-04-01,NA
lasso.combo,4.495697257736471,NA,NA,2017-05-01,NA
lasso.combo,4.472978801241049,NA,NA,2017-06-01,NA
lasso.combo,4.345896774795945,NA,NA,2017-07-01,NA
lasso.combo,4.342908050733898,NA,NA,2017-08-01,NA
lasso.combo,4.41155060726748,NA,NA,2017-09-01,NA
lasso.combo,4.275307344717081,NA,NA,2017-10-01,NA
lasso.combo,4.1043529699791526,NA,NA,2017-11-01,NA
lasso.combo,4.170980428399329,NA,NA,2017-12-01,NA
lasso.combo,4.099138166763655,NA,NA,2018-01-01,NA
lasso.combo,3.994041908361221,NA,NA,2018-02-01,NA
lasso.combo,4.055659926815715,NA,NA,2018-03-01,NA
lasso.combo,4.006177566319106,NA,NA,2018-04-01,NA
lasso.combo,3.978129881613322,NA,NA,2018-05-01,NA
lasso.combo,3.8366745128568964,NA,NA,2018-06-01,NA
lasso.combo,3.9212130377234855,NA,NA,2018-07-01,NA
lasso.combo,3.849653747307565,NA,NA,2018-08-01,NA
lasso.combo,3.759265847308141,NA,NA,2018-09-01,NA
lasso.combo,3.700394664651165,NA,NA,2018-10-01,NA
lasso.combo,3.759895968130562,NA,NA,2018-11-01,NA
lasso.combo,3.7957530292032287,NA,NA,2018-12-01,NA
lasso.combo,3.8723338393886895,NA,NA,2019-01-01,NA
lasso.combo,3.9657926879682095,NA,NA,2019-02-01,NA
lasso.combo,3.9068086090388774,NA,NA,2019-03-01,NA
lasso.combo,3.8183797045693484,NA,NA,2019-04-01,NA
lasso.combo,3.778455636712089,NA,NA,2019-05-01,NA
lasso.combo,3.72482623422478,NA,NA,2019-06-01,NA
lasso.combo,3.669360230945635,NA,NA,2019-07-01,NA
lasso.combo,3.62875542895453,NA,NA,2019-08-01,NA
lasso.combo,3.70351911772809,NA,NA,2019-09-01,NA
lasso.combo,3.590262960501086,NA,NA,2019-10-01,NA
lasso.combo,3.6094168812428613,NA,NA,2019-11-01,NA
lasso.combo,3.6120933641686688,NA,NA,2019-12-01,NA
lasso.combo,3.632831313006162,NA,NA,2020-01-01,NA
